netloc,count
www.notion.so,326
cdn.transcend.io,8
js.partnerstack.com,2
public.profitwell.com,2
exp.notion.so,8
www.googletagmanager.com,10
connect.facebook.net,8
http-inputs-notion.splunkcloud.com,11
grsm.io,2
cdn.contentful.com,6
analytics.pgncs.notion.so,5
www.facebook.com,4
googleads.g.doubleclick.net,9
sync.transcend.io,1
accounts.google.com,9
snap.licdn.com,4
x.clearbitjs.com,2
munchkin.marketo.net,8
cdn.metadata.io,3
d2hrivdxn8ekm8.cloudfront.net,12
analytics.tiktok.com,3
11762090.fls.doubleclick.net,2
telemetry.transcend.io,2
o324374.ingest.sentry.io,4
aif.notion.so,2
cdn.linkedin.oribi.io,2
px.ads.linkedin.com,1
acdn.adnxs.com,1
414-xmy-838.mktoresp.com,2
dvqigh9b7wa32.cloudfront.net,2
d330aiyvva2oww.cloudfront.net,2
d1lu3pmaz2ilpx.cloudfront.net,1
segment.prod.bidr.io,1
www.google.com,8
widget.intercom.io,2
js.intercomcdn.com,4
api-iam.intercom.io,1
appleid.apple.com,19
fonts.gstatic.com,4
www.google.co.kr,8
www.apple.com,18
appleid.cdn-apple.com,14
is4-ssl.mzstatic.com,3
